Family Id,No,Config,Status,Price,Liftoff Thrust (kN),Payload to LEO,Payload to GTO,Stages,Strap-ons,Rocket Height (m),Fairing Diameter,Fairing Height
3,1,Falcon 9 Block 1 (v1.0),Retired,$59.5 million,4940,"10,450 kg","4,540 kg",2,0,54.90,5.2 m,13.0 m
3,2,Falcon 9 Block 2 (v1.1),Retired,$56.5 million,5885,"13,150 kg","4,850 kg",2,0,68.40,5.2 m,13.0 m
3,3,Falcon 9 Block 3 (v1.2/FT),Retired,$62.0 million,6804,"22,800 kg","8,300 kg",2,0,70.00,5.2 m,13.0 m
3,4,Falcon 9 Block 4,Retired,$62.0 million,6804,"22,800 kg","8,300 kg",2,0,70.00,5.2 m,13.0 m
3,5,Falcon 9 Block 5,Active,$50.0 million,7607,"22,800 kg","8,300 kg",2,0,70.00,5.2 m,13.0 m
4,1,Electron,Active,$7.5 million,225,300 kg,,2,0,17.00,1.2 m,
4,2,Electron/Curie,Active,$7.5 million,225,300 kg,,3,0,17.00,1.2 m,2.5 m
4,3,Electron/Photon,Active,,162,300 kg,,3,0,17.00,1.2 m,
5,1,SLS Block 1,Planned,$876.0 million,39440,"95,000 kg",,2,2,98.10,5.1 m,14.3 m
5,2,SLS Block 1B,Planned,$876.0 million,39440,"105,000 kg",,2,2,111.00,,
9,1,Ariane 1,Retired,,2772,"4,850 kg","1,850 kg",4,0,47.39,,
7,1,Delta II 6920-10,Retired,,3481,"3,950 kg",,2,9,38.90,3.0 m,8.9 m
7,2,Delta II 6920-8,Retired,,3481,"3,983 kg",,2,9,38.10,2.4 m,8.49 m
7,3,Delta II 6925,Retired,,3481,,"1,447 kg",3,9,38.10,2.9 m,8.49 m
7,4,Delta II 6925-8,Retired,,3481,,"1,460 kg",3,9,38.10,2.4 m,8.49 m
7,5,Delta II 7320-10C,Retired,,2533,"2,703 kg",,2,3,38.90,3.0 m,8.9 m
7,6,Delta II 7326,Retired,,2533,,934 kg,3,3,38.10,2.9 m,8.49 m
7,7,Delta II 7420-10C,Retired,,3020,"3,099 kg",,2,4,38.90,3.0 m,8.9 m
7,8,Delta II 7425,Retired,,3020,,"1,110 kg",3,4,38.10,2.9 m,8.49 m
7,9,Delta II 7425-10C,Retired,,3020,,"1,073 kg",3,4,38.90,3.0 m,8.9 m
7,10,Delta II 7426,Retired,,3020,,"1,058 kg",3,4,38.10,2.9 m,8.49 m
7,11,Delta II 7920-10,Retired,,3511,"4,800 kg",,2,9,38.90,3.0 m,8.9 m
7,12,Delta II 7920-10C,Retired,,3511,"4,844 kg",,2,9,38.90,3.0 m,8.9 m
7,13,Delta II 7920-10L,Retired,,3511,"4,805 kg",,2,9,39.30,3.0 m,9.3 m
7,14,Delta II 7920-8,Retired,,3511,"5,000 kg",,2,9,38.10,2.4 m,8.49 m
7,15,Delta II 7920H,Retired,,4398,"6,097 kg",,2,9,38.10,2.9 m,8.49 m
7,16,Delta II 7920H-10C,Retired,,4398,"5,959 kg",,2,9,38.90,3.0 m,8.9 m
7,17,Delta II 7925,Retired,,3511,,"1,819 kg",3,9,38.10,2.9 m,8.49 m
7,18,Delta II 7925-10,Retired,,3511,,"1,730 kg",3,9,38.90,3.0 m,8.9 m
7,19,Delta II 7925-10C,Retired,,3511,,"1,747 kg",3,9,38.90,3.0 m,8.9 m
7,20,Delta II 7925-10L,Retired,,3511,,"1,739 kg",3,9,39.30,3.0 m,9.3 m
7,21,Delta II 7925-8,Retired,,3511,,"1,780 kg",3,9,38.10,2.4 m,8.49 m
7,22,Delta II 7925H,Retired,,4398,,"2,171 kg",3,9,38.10,2.9 m,8.49 m
25,1,Atlas V 401,Active,$109.0 million,3826,"9,797 kg","4,750 kg",2,0,58.30,4.2 m,13.8 m
25,2,Atlas V 411,Retired,$115.0 million,5489,"12,030 kg","5,950 kg",2,1,58.30,4.2 m,13.8 m
25,3,Atlas V 421,Active,$123.0 million,7152,"13,600 kg","6,890 kg",2,2,58.30,4.2 m,13.8 m
25,4,Atlas V 431,Retired,$130.0 million,8815,"15,260 kg","7,700 kg",2,3,59.10,4.2 m,13.8 m
25,5,Atlas V 501,Retired,$120.0 million,3826,"8,210 kg","3,780 kg",2,0,62.20,5.4 m,26.5 m
25,6,Atlas V 511,Retired,$130.0 million,5489,"11,000 kg","5,250 kg",2,1,62.20,5.4 m,26.5 m
25,7,Atlas V 521,Retired,$135.0 million,7152,"13,500 kg","6,480 kg",2,2,62.20,5.4 m,26.5 m
25,8,Atlas V 531,Active,$140.0 million,8815,"15,530 kg","7,450 kg",2,3,62.20,5.4 m,26.5 m
25,9,Atlas V 541,Active,$145.0 million,10478,"17,410 kg","8,290 kg",2,4,62.20,5.4 m,26.5 m
25,10,Atlas V 551,Active,$153.0 million,12141,"18,850 kg","8,900 kg",2,5,62.20,5.4 m,26.5 m
25,11,Atlas V N22,Active,,7152,"13,000 kg",,2,2,,,
10,1,Long March 1,Retired,,1020,300 kg,0 kg,3,0,30.45,1.5 m,4.67 m
26,1,Antares 110,Retired,$80.0 million,3265,,,2,0,40.50,3.94 m,4.87 m
26,2,Antares 120,Retired,$80.0 million,3265,"4,600 kg","1,500 kg",2,0,40.50,3.94 m,9.87 m
26,3,Antares 130,Retired,$80.0 million,3265,"5,100 kg",,2,0,40.50,3.94 m,9.87 m
26,4,Antares 230,Retired,$85.0 million,3844,"7,000 kg",,2,0,41.90,3.9 m,9.9 m
26,5,Antares 230+,Active,$85.0 million,3844,"8,000 kg",,2,0,42.50,3.9 m,9.9 m
28,1,Minotaur C (Taurus),Active,$45.0 million,1607,"1,458 kg",,4,0,27.90,2.34 m,
29,1,Saturn I Block I,Retired,,6700,0 kg,,1,,55.00,,
29,2,Saturn I Block II,Retired,,6700,"9,070 kg",,2,0,55.00,,
31,1,Vega,Active,$37.0 million,2200,"1,436 kg",,4,0,29.90,2.6 m,7.88 m
31,2,Vega C,Planned,,4500,"2,200 kg",,4,0,35.00,,
31,3,Vega E,Planned,,,,,4,0,35.00,,
32,1,SLV-3,Retired,,503,40 kg,,4,0,22.00,1.0 m,
33,1,ASLV,Retired,,1005,150 kg,,5,2,24.00,1.0 m,
34,1,PSLV-CA,Active,$21.0 million,4847,,,4,0,44.00,3.2 m,8.3 m
34,2,PSLV-DL,Active,,5867,,,4,2,44.00,3.2 m,8.3 m
34,3,PSLV-G,Retired,$25.0 million,6887,"3,250 kg","1,410 kg",4,6,44.50,3.2 m,8.3 m
34,4,PSLV-QL,Active,$21.0 million,7661,,,4,4,44.00,3.2 m,8.3 m
34,5,PSLV-XL,Active,$31.0 million,7661,"3,250 kg","1,410 kg",4,6,44.00,3.2 m,8.3 m
35,1,GSLV Mk I,Retired,$47.0 million,,,"1,500 kg",3,4,49.13,3.4 m,7.8 m
35,2,GSLV Mk II,Active,$47.0 million,7887,"5,000 kg","2,500 kg",3,4,51.70,4.0 m,7.8 m
37,1,Rokot/Briz K,Retired,,1875,"1,500 kg",0 kg,3,0,25.50,2.5 m,3.0 m
37,2,Rokot/Briz KM,Retired,$13.0 million,1875,"2,150 kg",0 kg,3,0,29.10,2.62 m,6.74 m
37,3,Rokot-M/Briz KM-2,Planned,$12.0 million,1875,"2,300 kg",0 kg,3,0,29.10,2.62 m,6.74 m
36,1,Space Shuttle Atlantis,Retired,$450.0 million,30250,"27,500 kg","3,810 kg",2,2,56.10,,
36,2,Space Shuttle Challenger,Retired,$450.0 million,30250,"27,500 kg","3,810 kg",2,2,56.10,,
36,3,Space Shuttle Columbia,Retired,$450.0 million,30250,"27,500 kg","3,810 kg",2,2,56.10,,
36,4,Space Shuttle Discovery,Retired,$450.0 million,30250,"27,500 kg","3,810 kg",2,2,56.10,,
36,5,Space Shuttle Endeavour,Retired,$450.0 million,30250,"27,500 kg","3,810 kg",2,2,56.10,,
38,1,Kuaizhou 1,Retired,,500,100 kg,0 kg,4,0,13.60,1.0 m,3.1 m
40,1,Proton-M,Active,$65.0 million,10027,"23,700 kg",0 kg,3,0,57.24,4.35 m,15.26 m
40,2,Proton-M/Briz-M,Active,$65.0 million,10027,"21,000 kg","6,900 kg",4,0,58.18,4.35 m,15.26 m
40,3,Proton-M/DM-2,Active,$65.0 million,10027,"21,000 kg","6,000 kg",4,0,57.24,4.35 m,10.0 m
40,4,Proton-M/DM-3,Active,$65.0 million,10027,"21,000 kg","6,000 kg",4,0,57.24,4.35 m,10.0 m
41,1,Epsilon,Active,,1612,,,3,0,26.00,2.5 m,9.19 m
41,2,Epsilon Demo,Retired,,1621,490 kg,,4,0,24.00,2.5 m,9.19 m
41,3,Epsilon PBS,Active,$39.0 million,1612,700 kg,,4,0,26.00,2.5 m,9.19 m
41,4,Epsilon S,Planned,,1612,"1,400 kg",0 kg,4,0,27.00,2.5 m,9.19 m
45,1,LauncherOne,Active,$12.0 million,,500 kg,,2,0,16.00,1.3 m,
46,1,Kaituozhe 2,Active,,500,350 kg,0 kg,4,0,16.80,1.4 m,4.5 m
47,1,SSLV,Planned,,,500 kg,,4,0,34.00,2.0 m,
48,1,Simorgh,Active,,1333,350 kg,0 kg,3,0,26.50,1.5 m,3.2 m
49,1,ZhuQue-1,Retired,,450,300 kg,0 kg,3,0,19.00,1.2 m,2.0 m
51,1,Juno I,Retired,,416,11 kg,,4,0,21.20,,
50,1,Zenit-2,Retired,,7257,"13,500 kg","4,500 kg",2,0,57.00,3.9 m,13.65 m
50,2,Zenit-2 FG,Retired,,7257,"13,740 kg","4,500 kg",2,0,57.00,3.9 m,13.65 m
50,3,Zenit-3 SL,Retired,,7257,"13,740 kg","6,000 kg",3,0,59.46,4.1 m,10.4 m
50,4,Zenit-3 SLB,Retired,,7257,"13,740 kg","5,000 kg",3,0,59.46,4.1 m,10.4 m
50,5,Zenit-3 SLBF,Retired,,7257,"13,740 kg","6,000 kg",3,0,54.35,4.1 m,10.7 m
53,1,NOTS-EV-1,Retired,,,1 kg,0 kg,5,0,4.00,,
52,1,Vanguard,Retired,,135,10 kg,,3,0,23.00,,
57,1,Mu-III C,Retired,,,195 kg,,3,8,,,
57,2,Mu-III H,Retired,,,270 kg,,4,8,,,
57,3,Mu-III S,Retired,,,290 kg,,3,8,,,
57,4,Mu-III S2,Retired,,,770 kg,,4,2,,,
55,1,Titan II(23)G,Retired,$35.0 million,1900,"3,600 kg",,2,,42.90,3.05 m,9.1 m
55,2,Titan II GLV,Retired,,1913,"3,580 kg",,2,0,33.20,,
59,1,Energiya/Buran,Retired,"$3,000.0 million",35832,"105,000 kg","40,000 kg",1,4,59.00,5.7 m,41.0 m
59,2,Energiya/Polyus,Retired,"$3,000.0 million",35832,"105,000 kg","40,000 kg",1,4,59.00,5.7 m,41.0 m
58,1,Angara A5,Planned,$100.0 million,9610,"25,000 kg","3,000 kg",2,4,55.40,4.35 m,15.2 m
58,2,Angara A5/Briz-M,Active,$100.0 million,9610,"23,000 kg","5,400 kg",3,4,55.40,4.35 m,15.2 m
58,3,Angara A5M,Planned,$100.0 million,9610,"25,000 kg","6,000 kg",2,4,55.40,4.35 m,15.2 m
58,4,Angara A5/Persey,Active,$100.0 million,9610,"23,000 kg","5,400 kg",3,4,55.40,4.35 m,15.2 m
60,1,Safir-1,Retired,,284,30 kg,0 kg,2,0,22.60,1.25 m,2.0 m
60,2,Safir-1A,Retired,,298,50 kg,0 kg,2,0,22.60,1.25 m,2.0 m
60,3,Safir-1B,Retired,,298,50 kg,0 kg,2,0,22.60,1.25 m,2.0 m
60,4,Safir-1B+,Active,,334,50 kg,0 kg,2,0,22.60,1.25 m,2.0 m
62,1,Firefly Alpha,Active,$15.0 million,736,"1,000 kg",,2,0,29.00,2.0 m,5.0 m
61,1,N-1 L3,Retired,,45307,"95,000 kg","20,000 kg",5,0,105.29,5.92 m,43.72 m
61,2,N-1 L3 M,Retired,,45307,"95,000 kg","20,000 kg",5,0,105.29,5.92 m,43.72 m
64,1,Black Arrow,Retired,,256,135 kg,,3,,13.00,,
63,1,OS-M1,Active,,500,205 kg,0 kg,4,0,18.00,0.7 m,1.26 m
65,1,Europa 1,Retired,,3962,"1,440 kg",200 kg,3,0,31.68,2.0 m,
65,2,Europa 2,Retired,,8372,,360 kg,4,0,31.68,2.0 m,
66,1,Diamant A,Retired,,274,80 kg,0 kg,3,0,18.49,0.65 m,2.16 m
66,2,Diamant B,Retired,,348,115 kg,0 kg,3,0,23.54,0.85 m,2.8 m
66,3,Diamant BP4,Retired,,317,150 kg,0 kg,3,0,21.64,1.45 m,4.5 m
67,1,New Glenn,Planned,,17100,"45,000 kg","13,000 kg",2,0,82.00,7.0 m,5.4 m
68,1,Athena I,Retired,,1900,820 kg,,3,,18.90,,
70,1,Vulcan Centaur,Planned,,,,,2,,61.60,5.4 m,
70,2,Vulcan Heavy,Planned,,17056,"27,200 kg","14,400 kg",2,6,61.60,5.4 m,21.3 m
70,3,Vulcan VC0,Planned,,4900,"10,600 kg","2,900 kg",2,0,61.60,5.4 m,21.3 m
70,4,Vulcan VC2,Planned,,8952,"18,500 kg","7,600 kg",2,2,61.60,5.4 m,21.3 m
70,5,Vulcan VC4,Planned,,13006,"23,900 kg","10,800 kg",2,4,61.60,5.4 m,21.3 m
70,6,Vulcan VC6,Planned,,17056,"27,200 kg","13,600 kg",2,6,61.60,5.4 m,21.3 m
74,1,Taepodong-1,Retired,,280,20 kg,0 kg,3,0,24.00,0.88 m,3.1 m
72,1,Shtil',Retired,,807,220 kg,0 kg,3,0,14.80,0.5 m,1.0 m
76,1,VLS-1,Retired,,623,380 kg,,3,4,19.00,1.0 m,
75,1,Shavit,Retired,,413,160 kg,,3,0,18.00,1.3 m,4.37 m
75,2,Shavit-1,Retired,,554,225 kg,,3,0,20.00,1.35 m,4.37 m
75,3,Shavit-2,Active,,554,350 kg,,3,0,22.00,1.35 m,4.37 m
77,1,KSLV-1,Retired,,1639,100 kg,0 kg,2,0,33.52,2.0 m,5.38 m
77,2,KSLV-2,Active,,2620,"1,500 kg",550 kg,3,0,47.50,3.3 m,
78,1,Lambda-IV S,Retired,,,12 kg,,4,2,16.50,,
79,1,SS-520,Active,,,4 kg,,3,0,9.54,0.52 m,
80,1,H-II,Retired,,,"10,060 kg","3,930 kg",2,2,49.00,,
80,2,H-II (2 SSB),Retired,,,"10,060 kg","3,930 kg",2,4,49.00,,
80,3,H-IIS,Retired,,,"10,060 kg","3,930 kg",2,2,49.00,,
81,1,Hyperbola-1,Active,,557,300 kg,0 kg,4,0,21.00,1.2 m,2.2 m
83,1,R-36 Orb.,Retired,,2650,"3,350 kg",0 kg,2,0,31.95,2.0 m,3.0 m
82,1,Jielong-1,Active,$7.5 million,500,250 kg,0 kg,4,0,19.50,1.2 m,3.0 m
86,1,Terran-1,Planned,$10.0 million,,"1,250 kg",,2,0,,,
88,1,Ariane 2,Retired,,2580,,"2,175 kg",3,0,49.13,,
89,1,Ariane 3,Retired,,5100,,"2,700 kg",3,2,49.13,,
90,1,Ariane 40,Retired,,3034,"5,000 kg","2,000 kg",3,0,58.72,,
90,2,Ariane 42L,Retired,,4538,,"3,480 kg",3,2,58.72,,
90,3,Ariane 42P,Retired,,4334,,"2,930 kg",3,2,58.72,,
90,4,Ariane 44L,Retired,,6000,,"4,720 kg",3,4,58.72,,
90,5,Ariane 44LP,Retired,,5800,,"4,220 kg",3,4,58.72,,
90,6,Ariane 44P,Retired,,4334,,"3,460 kg",3,4,58.72,,
91,1,Ariane 5 ECA,Active,$200.0 million,15120,"21,000 kg","10,500 kg",2,2,53.00,5.4 m,17.0 m
91,2,Ariane 5 ES,Retired,,15120,"21,000 kg",,2,2,50.50,5.4 m,17.0 m
91,3,Ariane 5 G,Retired,,11400,,"6,900 kg",2,2,52.00,,
91,4,Ariane 5 G+,Retired,$190.0 million,,"6,200 kg","6,950 kg",2,2,,,
91,5,Ariane 5 GS,Retired,,,,"6,600 kg",2,2,,,
92,1,Ariane 62,Planned,$88.0 million,8370,"10,350 kg","5,000 kg",2,2,63.00,5.4 m,20.0 m
92,2,Ariane 64,Planned,$106.0 million,15370,"21,650 kg","11,500 kg",2,4,63.00,5.4 m,20.0 m
92,3,Ariane 64 / Icarus,Planned,$100.0 million,15370,"25,000 kg","15,000 kg",2,4,63.00,5.4 m,20.0 m
93,1,Athena II,Retired,,1900,,593 kg,4,,28.20,,
94,1,Atlas-D Mercury,Retired,,1880,"1,360 kg",,2,0,28.70,,
95,1,Atlas IIIA,Retired,,3826,"8,640 kg","4,055 kg",2,0,52.80,4.2 m,12.2 m
95,2,Atlas IIIB,Retired,,3826,"10,218 kg","4,500 kg",2,0,52.80,4.2 m,12.2 m
97,1,Delta IV Medium,Retired,$133.0 million,3137,"8,800 kg","4,540 kg",2,0,62.50,4.0 m,11.75 m
97,2,"Delta IV Medium+ (4,2)",Retired,$164.0 million,4895,"10,440 kg","6,390 kg",2,2,62.50,4.0 m,11.75 m
97,3,"Delta IV Medium+ (5,2)",Retired,,4895,"9,610 kg","5,080 kg",2,2,66.40,5.1 m,19.1 m
97,4,"Delta IV Medium+ (5,4)",Retired,,6653,"11,600 kg","6,890 kg",2,4,66.40,5.1 m,19.1 m
98,1,Delta IV Heavy,Active,$350.0 million,9411,"28,370 kg","13,810 kg",2,2,72.00,5.1 m,19.1 m
99,1,N-I,Retired,,,"1,200 kg",360 kg,2,3,34.00,,
99,2,N-I Star-37E,Retired,,,"1,200 kg",360 kg,3,3,34.00,,
100,1,N-II,Retired,,,"2,000 kg",730 kg,2,9,35.00,,
100,2,N-II Star-37E,Retired,,,"2,000 kg",730 kg,3,9,35.00,,
101,1,H-I (9 SO),Retired,,,"3,200 kg","1,100 kg",2,9,42.00,2.44 m,
101,2,H-I UM-129A (6SO),Retired,,,"3,200 kg","1,100 kg",3,6,42.00,2.44 m,
101,3,H-I UM-129A (9SO),Retired,,,"3,200 kg","1,100 kg",3,9,42.00,2.44 m,
102,1,Thor-DM 18 Able I,Retired,,,120 kg,,3,0,27.00,,
102,2,Thor DM-18 Able-II,Retired,,,,,3,0,,,
102,3,Thor DM-18 Able-III,Retired,,,,,3,0,,,
102,4,Thor DM-18 Able-IV,Retired,,,,,3,0,,,
104,1,Falcon Heavy,Active,$90.0 million,22819,"63,800 kg","26,700 kg",2,2,70.00,5.2 m,13.0 m
105,1,H-III 22,Planned,$50.0 million,2158,,"4,000 kg",2,2,63.00,5.27 m,
105,2,H-III 24,Planned,$50.0 million,,,"6,500 kg",2,4,50.00,5.27 m,
105,3,H-III 30,Planned,$50.0 million,1472,,"2,100 kg",2,0,63.00,5.27 m,
106,1,Kuaizhou 11,Active,$28.3 million,1250,"1,500 kg",0 kg,4,0,25.30,2.2 m,8.5 m
107,1,Kuaizhou 1A,Active,$5.8 million,537,300 kg,0 kg,4,0,19.80,1.4 m,3.4 m
108,1,Long March 11,Active,$5.3 million,1176,530 kg,2 kg,4,0,20.80,2.0 m,5.0 m
108,2,Long March 11A,Planned,,,,0 kg,4,0,,2.64 m,
108,3,Long March 11H,Active,$5.3 million,1176,700 kg,0 kg,4,0,20.80,2.0 m,5.0 m
111,1,Long March 2C,Active,$30.8 million,2962,"2,500 kg","1,000 kg",2,0,34.65,3.35 m,5.84 m
111,2,Long March 2C/E,Active,$30.8 million,2962,"2,850 kg","1,000 kg",3,0,42.00,3.35 m,8.37 m
111,3,Long March 2C/SD,Retired,,2962,"2,500 kg",,3,0,34.65,3.35 m,5.84 m
111,4,Long March 2C/SM,Retired,,2963,"2,500 kg",,3,0,34.65,3.35 m,5.84 m
111,5,Long March 2C/SMA,Active,$30.8 million,2962,"2,850 kg","1,000 kg",3,0,38.83,3.35 m,8.37 m
111,6,Long March 2C/YZ-1S,Active,$30.8 million,2962,"2,850 kg","1,000 kg",3,0,38.83,3.35 m,8.37 m
110,1,Long March 2,Retired,,2785,"1,800 kg",0 kg,2,0,35.93,3.35 m,4.34 m
113,1,Long March 2E,Retired,,5923,"9,500 kg","3,500 kg",3,4,49.73,4.2 m,12.0 m
112,1,Long March 2D,Active,$29.75 million,2962,"3,500 kg","1,200 kg",2,0,40.77,3.35 m,7.82 m
112,2,Long March 2D/YZ-3,Active,$30.0 million,2962,"3,500 kg","1,200 kg",3,0,40.77,3.35 m,7.82 m
114,1,Long March 2F,Retired,,5985,"8,400 kg",0 kg,2,4,58.34,3.6 m,19.11 m
114,2,Long March 2F/G,Active,,5985,"8,600 kg",0 kg,2,4,58.34,3.6 m,19.11 m
114,3,Long March 2F/T,Active,,5985,"8,600 kg",0 kg,2,4,52.03,3.8 m,12.78 m
119,1,Long March 4A,Retired,,2962,"4,000 kg",0 kg,3,0,41.90,2.9 m,4.91 m
115,1,Long March 3,Retired,,2804,"5,000 kg","1,500 kg",3,0,46.60,3.0 m,7.27 m
115,2,Long March 3A,Active,$69.7 million,2962,"8,500 kg","2,600 kg",3,0,52.52,3.35 m,8.89 m
115,3,Long March 3B,Retired,,5924,"11,500 kg","5,100 kg",3,4,54.84,4.0 m,9.56 m
115,4,Long March 3B/E,Active,$29.15 million,5986,"11,500 kg","5,550 kg",3,4,56.30,4.2 m,9.56 m
115,5,Long March 3B/YZ-1,Active,,5986,"12,000 kg","5,550 kg",4,4,54.84,4.0 m,10.8 m
115,6,Long March 3C,Retired,$20.14 million,5923,"8,000 kg","3,800 kg",3,2,54.84,4.2 m,9.78 m
115,7,Long March 3C/E,Active,$20.0 million,5923,"8,000 kg","3,900 kg",3,4,55.64,4.2 m,9.78 m
115,8,Long March 3C/YZ-1,Active,$20.0 million,5923,"7,500 kg","3,500 kg",4,2,55.64,4.2 m,9.78 m
120,1,Long March 4B,Active,$64.68 million,2993,"4,200 kg","1,500 kg",3,0,46.97,3.8 m,11.74 m
121,1,Long March 4C,Active,$64.68 million,2993,"4,200 kg","1,500 kg",3,0,46.97,3.8 m,11.74 m
123,1,Long March 5B,Active,,10565,"23,000 kg",0 kg,2,4,53.66,5.2 m,20.5 m
122,1,Long March 5,Active,,10565,"32,000 kg","14,000 kg",3,4,57.00,5.2 m,20.0 m
122,2,Long March 5/YZ-2,Active,,10565,"32,000 kg","13,500 kg",3,4,57.00,5.2 m,20.0 m
124,1,Long March 6,Active,$19.0 million,1188,"1,080 kg",0 kg,3,0,29.24,2.6 m,6.145 m
124,2,Long March 6A,Planned,,,,,3,4,45.00,2.6 m,5.7 m
126,1,Long March 8,Active,$27.0 million,4752,"7,600 kg","2,500 kg",3,2,50.00,4.0 m,12.1 m
125,1,Long March 7,Active,,7128,"13,500 kg","5,500 kg",2,4,53.10,4.2 m,12.4 m
125,2,Long March 7A,Active,,7128,"12,000 kg","7,000 kg",3,4,58.00,4.2 m,12.4 m
125,3,Long March 7/YZ-1A,Active,,7128,"13,200 kg","5,200 kg",3,4,53.10,4.2 m,10.0 m
127,1,Minotaur I,Active,$40.0 million,935,580 kg,,4,0,19.21,1.27 m,3.79 m
128,1,Minotaur IV,Active,$46.0 million,2200,"1,735 kg",,4,0,23.88,2.34 m,6.4 m
130,1,Mu-IV S,Retired,,,180 kg,,4,8,23.60,,
129,1,Minotaur V,Active,$55.0 million,2224,,532 kg,5,0,24.56,2.34 m,6.4 m
131,1,Mu-V/M-24,Retired,,3780,"1,800 kg",,4,0,30.70,,
131,2,Mu-V/M-25,Retired,,3780,"1,800 kg",,4,0,30.70,,
132,1,Pegasus,Retired,$40.0 million,487,375 kg,,3,0,16.90,1.15 m,2.13 m
132,2,Pegasus/HAPS,Retired,$40.0 million,487,,,4,0,16.90,1.15 m,2.13 m
132,3,Pegasus XL,Active,$40.0 million,561,443 kg,,4,0,17.60,1.15 m,2.13 m
132,4,Pegasus XL/HAPS,Active,$40.0 million,561,,,4,0,17.60,1.15 m,2.13 m
133,1,Proton-K,Retired,,9469,"20,100 kg",0 kg,3,0,56.14,4.15 m,16.12 m
133,2,Proton-K/Block D,Retired,,8840,"18,900 kg","9,000 kg",4,0,56.14,3.9 m,8.9 m
133,3,Proton-K/Block D-1,Retired,,9468,"19,000 kg","9,000 kg",4,0,56.14,3.9 m,10.4 m
133,4,Proton-K/Block D-2,Retired,,9548,"19,000 kg","9,000 kg",4,0,56.14,3.9 m,10.4 m
133,5,Proton-K/Block-DM,Retired,,9195,"19,000 kg","2,200 kg",4,0,56.14,3.9 m,8.9 m
133,6,Proton-K/Block DM-1,Retired,,9468,"19,000 kg","2,200 kg",4,0,57.24,3.9 m,7.65 m
133,7,Proton K/Block-DM-2,Retired,,9548,"19,000 kg","2,400 kg",4,0,57.64,4.35 m,10.4 m
133,8,Proton-K/Block-DM2,Retired,,9548,"19,000 kg","2,500 kg",4,0,56.14,3.9 m,8.9 m
133,9,Proton-K/Block DM-2M,Retired,,9548,"19,000 kg","2,500 kg",4,0,57.64,4.35 m,10.4 m
133,10,Proton-K/Block DM-3,Retired,,9548,"19,000 kg","2,500 kg",4,0,57.64,4.35 m,10.4 m
133,11,Proton-K/Block DM-4,Retired,,9548,"19,000 kg","2,500 kg",4,0,57.64,4.35 m,10.4 m
133,12,Proton-K/Block DM-5,Retired,,9548,"19,000 kg","2,500 kg",4,0,57.64,4.35 m,10.4 m
133,13,Proton-K/Briz-M,Retired,,9548,"19,000 kg","2,200 kg",4,0,54.54,4.35 m,13.2 m
134,1,Proton,Retired,,8387,"12,200 kg",0 kg,2,0,39.80,4.15 m,8.5 m
135,1,Cosmos-3,Retired,,1481,"1,250 kg",0 kg,2,0,32.42,2.44 m,5.72 m
135,2,Cosmos-3M,Retired,,1486,"1,500 kg",0 kg,2,0,32.42,2.44 m,5.72 m
135,3,K65M-RB5,Retired,,1486,"1,300 kg",0 kg,2,0,26.00,2.44 m,5.72 m
137,1,Volna,Retired,,618,100 kg,0 kg,3,0,14.20,1.3 m,1.4 m
138,1,Tsyklon-2,Retired,,2650,"2,850 kg",0 kg,2,0,39.65,3.0 m,10.7 m
139,1,Tsyklon-3,Retired,,3032,"4,100 kg",0 kg,3,0,39.27,2.7 m,9.54 m
140,1,Molniya-M /Block 2BL,Retired,,4391,"6,200 kg","2,400 kg",4,4,44.23,2.58 m,7.81 m
140,2,Molniya-M /Block L,Retired,,4391,"6,200 kg","2,400 kg",4,4,44.23,2.58 m,6.74 m
140,3,Molniya-M /Block ML,Retired,,4391,"6,200 kg","2,400 kg",4,4,42.80,2.58 m,8.28 m
140,4,Molniya-M /Block NVL,Retired,,4391,"6,200 kg","2,400 kg",4,4,44.63,2.58 m,7.14 m
140,5,Molniya-M /Block SO-L,Retired,,4391,"6,200 kg","2,400 kg",4,4,41.26,2.58 m,6.74 m
140,6,Molniya-M /Block VL,Retired,,4391,"6,200 kg","2,400 kg",4,4,42.80,2.58 m,8.28 m
141,1,Soyuz 2.1a,Active,$17.42 million,4550,"7,500 kg",0 kg,3,4,51.38,4.11 m,15.59 m
141,2,Soyuz 2.1a/Fregat,Active,$23.0 million,4550,"7,020 kg","2,810 kg",4,4,46.94,4.11 m,10.2 m
141,3,Soyuz 2.1a/Fregat-M,Active,$23.0 million,4550,"7,020 kg","2,810 kg",4,4,46.94,4.11 m,10.2 m
141,4,Soyuz 2.1a/Volga,Active,$23.0 million,4550,"7,020 kg","2,000 kg",4,4,46.94,4.11 m,10.2 m
141,5,Soyuz ST-A/Fregat,Active,$30.0 million,4317,"8,500 kg","2,810 kg",4,4,46.94,4.11 m,11.43 m
141,6,Soyuz ST-A/Fregat-M,Active,$30.0 million,4317,"8,500 kg","3,000 kg",4,4,46.94,4.11 m,11.43 m
142,1,Soyuz 2.1b,Active,$20.0 million,4550,"8,020 kg",0 kg,3,4,44.08,4.11 m,8.36 m
142,2,Soyuz 2.1b/Fregat,Active,$25.0 million,4550,"7,500 kg","3,000 kg",4,4,46.94,4.11 m,11.43 m
142,3,Soyuz 2.1b/Fregat-M,Active,$25.0 million,4550,"7,500 kg","3,250 kg",4,4,46.94,4.11 m,11.43 m
142,4,Soyuz ST-B/Fregat-M,Active,$30.0 million,4317,"9,000 kg","3,100 kg",4,4,46.94,4.11 m,11.43 m
142,5,Soyuz ST-B/Fregat-MT,Active,$30.0 million,4317,"9,000 kg","3,250 kg",4,4,46.94,4.11 m,11.43 m
143,1,Soyuz 2.1v,Active,,1535,"3,000 kg",0 kg,2,0,44.08,3.0 m,8.36 m
143,2,Soyuz 2.1v/Volga,Active,,1535,"2,850 kg",0 kg,3,0,44.08,3.0 m,8.36 m
144,1,Soyuz FG,Retired,,4550,"7,300 kg",0 kg,3,4,51.32,3.0 m,15.59 m
144,2,Soyuz FG/Fregat,Retired,,4550,"7,300 kg","1,800 kg",4,4,43.50,3.0 m,8.1 m
145,1,Soyuz U,Retired,$20.0 million,4456,"6,860 kg",0 kg,3,4,51.32,3.0 m,15.59 m
145,2,Soyuz U2,Retired,$40.0 million,4693,"7,150 kg",0 kg,3,4,51.32,3.0 m,15.59 m
145,3,Soyuz U/Fregat,Retired,$28.0 million,4456,"6,860 kg","1,400 kg",4,4,43.10,3.0 m,7.7 m
145,4,Soyuz U/Ikar,Retired,$28.0 million,4456,"6,860 kg","1,000 kg",4,4,43.58,3.0 m,7.86 m
146,1,Sputnik 8A91,Retired,,4457,"1,330 kg",0 kg,2,4,30.41,3.0 m,4.21 m
147,1,Sputnik 8K71PS,Retired,,4457,510 kg,0 kg,2,4,30.20,2.95 m,4.0 m
148,1,Vostok,Retired,,4570,"4,730 kg",0 kg,3,4,38.36,2.58 m,6.74 m
149,1,Vostok-2,Retired,,4570,"4,750 kg",0 kg,3,4,38.36,2.58 m,6.74 m
149,2,Vostok-2A,Retired,,4570,"4,500 kg",0 kg,2,4,39.10,2.58 m,10.66 m
149,3,Vostok-2M,Retired,,4570,"5,100 kg",0 kg,3,4,38.76,2.58 m,7.14 m
150,1,Juno II,Retired,,667,41 kg,,4,0,24.00,,
151,1,Redstone Sparta,Retired,,350,45 kg,,3,0,21.00,,
153,1,Saturn V,Retired,"$1,160.0 million",35100,"140,000 kg",,3,0,110.60,,
152,1,Saturn IB,Retired,,7100,"21,000 kg",,2,0,43.20,,
156,1,START,Retired,,890,850 kg,0 kg,5,0,28.94,1.61 m,4.34 m
156,2,START-1,Active,,890,532 kg,0 kg,4,0,22.74,1.33 m,3.34 m
157,1,Unha-2,Retired,,284,100 kg,0 kg,3,0,29.50,1.25 m,2.0 m
158,1,Unha-3,Active,,284,200 kg,0 kg,3,0,30.00,1.25 m,2.0 m
169,1,Delta 4925-8,Retired,,3469,"3,400 kg","1,200 kg",3,9,34.00,2.44 m,
167,1,Strela,Retired,,1870,"1,850 kg",0 kg,3,0,27.36,2.5 m,7.6 m
170,1,Delta III 8930,Retired,,4856,"8,290 kg","3,810 kg",2,9,35.00,4.0 m,10.84 m
172,1,Firefly Beta,Planned,,2208,"4,000 kg",400 kg,2,2,31.00,2.8 m,5.5 m
171,1,Falcon 1,Retired,$7.0 million,343,470 kg,,2,0,22.25,1.5 m,3.5 m
173,1,SM-65B Atlas,Retired,,1600,70 kg,,2,0,26.00,,
174,1,Cargo Starship-Super Heavy,Planned,,61800,"100,000 kg",,2,0,120.00,9.0 m,
174,2,Crew Starship-Super Heavy,Planned,,61800,,,2,0,120.00,,
174,3,Starship HLS-Super Heavy,Planned,,61800,,,2,0,120.00,,
174,4,Starship-Super Heavy (Prototype),Active,,61800,,,2,0,120.00,9.0 m,
174,5,Tanker Starship-Super Heavy,Planned,,61800,,,2,0,120.00,,
176,1,Miura 5,Planned,,,300 kg,,3,0,20.70,,
177,1,Voskhod,Retired,,4616,"6,001 kg",0 kg,3,4,44.63,2.58 m,7.14 m
179,1,H-IIA 202,Active,$90.0 million,,"10,000 kg","4,100 kg",2,2,53.00,4.07 m,12.0 m
179,2,H-IIA 2022,Retired,,,,"4,500 kg",2,2,53.00,4.07 m,12.0 m
179,3,H-IIA 2024,Retired,,,,"5,000 kg",2,4,53.00,4.07 m,12.0 m
179,4,H-IIA 204,Active,,,"15,000 kg","6,000 kg",2,4,,4.07 m,12.0 m
178,1,GSLV Mk III,Active,$62.0 million,11898,"10,000 kg","4,000 kg",3,2,43.40,5.0 m,
180,1,H-IIB,Retired,$112.5 million,,"16,500 kg","8,000 kg",2,4,56.60,5.1 m,15.0 m
183,1,Angara 1.2,Active,,1922,"3,800 kg",0 kg,2,0,42.40,3.0 m,9.9 m
183,2,Angara 1.2PP,Retired,,1922,,0 kg,2,0,,3.0 m,9.9 m
181,1,Atlas-E/F Altair,Retired,,,210 kg,,2,0,,,
184,1,Conestoga-1620,Retired,$20.0 million,,"1,179 kg",,4,6,,,
185,1,Long March 9,Planned,,5700,"145,000 kg","50,000 kg",3,4,110.00,,
188,1,Mercury-Redstone,Retired,,350,0 kg,,1,0,25.40,,
189,1,Kaituozhe 1,Retired,,300,100 kg,0 kg,4,0,13.60,1.0 m,3.1 m
191,1,ZhuQue-2,Planned,,2636,"4,000 kg",0 kg,2,0,48.80,3.35 m,5.0 m
190,1,Feng Bao 1,Retired,,2785,"2,500 kg",0 kg,2,0,33.00,3.35 m,5.0 m
193,1,Polyot,Retired,,4570,"1,400 kg",0 kg,2,4,30.00,2.58 m,5.68 m
192,1,Dnepr,Retired,$29.0 million,4166,"4,500 kg",500 kg,3,0,34.30,3.0 m,7.45 m
194,1,Soyuz,Retired,,4456,"6,640 kg",0 kg,3,4,48.47,3.0 m,12.8 m
195,1,Soyuz L,Retired,,4054,"5,500 kg",0 kg,3,4,48.00,5.0 m,7.8 m
196,1,Soyuz M,Retired,,995,"6,600 kg",0 kg,3,4,47.80,3.0 m,7.2 m
197,1,Molniya,Retired,,4378,"6,000 kg","2,200 kg",4,4,44.23,2.58 m,6.74 m
198,1,NSL-A,Planned,$4.0 million,210,200 kg,0 kg,3,0,18.00,1.2 m,
199,1,New Shepard,Active,,490,0 kg,0 kg,2,0,18.00,,
200,1,SARGE,Active,,,,,1,0,11.00,0.51 m,0.91 m
201,1,MOMO,Active,$0.44 million,83,0 kg,0 kg,1,0,10.00,0.5 m,0.8 m
204,1,Atlas-D Able,Retired,,1880,,,3,0,35.00,,
202,1,Delta 3910,Retired,,,,"1,154 kg",2,9,,,
202,2,Delta 3913,Retired,,,,,3,9,,,
202,3,Delta 3914,Retired,,,,954 kg,3,9,,,
202,4,Delta 3920,Retired,,,"3,452 kg",,2,9,,,
202,5,Delta 3920-8,Retired,,3188,,,2,9,,2.9 m,
202,6,Delta 3924,Retired,,,,"1,104 kg",3,9,,,
205,1,Atlas-E/F Agena D,Retired,,,,,2,0,,,
205,2,Atlas-LV3 Agena-A,Retired,,,"1,250 kg",,2,0,,,
205,3,Atlas-LV3 Agena-B,Retired,,,"1,725 kg",,2,0,,,
205,4,Atlas-LV3 Agena-D,Retired,,,,,2,0,,,
205,5,Atlas-SLV3A Agena-D,Retired,,,,,2,0,,,
205,6,Atlas-SLV3 Agena-B,Retired,,,,,2,0,,,
205,7,Atlas-SLV3 Agena-D,Retired,,,"1,825 kg",,2,0,,,
205,8,Atlas-SLV3B Agena-D,Retired,,,,,2,0,,,
206,1,Super Stripy,Active,$15.0 million,134,250 kg,,3,0,18.00,1.32 m,
207,1,Tsyklon-2A,Retired,,2650,"3,000 kg",0 kg,2,0,39.65,3.0 m,10.7 m
208,1,Cosmos-1 (65S3),Retired,,636,350 kg,0 kg,2,0,29.59,1.65 m,2.99 m
209,1,Cosmos-2 (63SM),Retired,,636,400 kg,0 kg,2,0,29.59,1.65 m,2.99 m
211,1,Blue Scout II,Retired,,471,,,4,0,24.00,,
212,1,Atlas-D OV1,Retired,,1880,,,2,0,,,
212,2,Atlas-E/F OV1,Retired,,,363 kg,,2,0,,,
215,1,Tsyklon-4M,Planned,$45.0 million,3111,"5,000 kg",910 kg,2,0,39.20,4.0 m,9.7 m
213,1,Atlas SLV-3,Retired,,,800 kg,,,0,,,
216,1,Soyuz 5,Planned,,7260,"17,000 kg","5,000 kg",2,0,63.70,4.1 m,10.4 m
216,2,Soyuz 5/Fregat-SBU,Planned,,7260,"17,000 kg","5,000 kg",3,0,63.70,4.1 m,10.4 m
220,1,Atlas-E/F Burner,Retired,,,950 kg,,2,0,,,
220,2,Atlas-SLV3 Burner-2,Retired,,,,,2,0,,,
222,1,Atlas-G Centaur-D1AR,Retired,,,"5,900 kg","2,222 kg",2,0,,,
222,2,Atlas-LV3C Centaur-A,Retired,,,,,2,0,,,
222,3,Atlas-LV3C Centaur-B,Retired,,,,,2,0,,,
222,4,Atlas-LV3C Centaur-C,Retired,,,,,2,0,,,
222,5,Atlas-LV3C Centaur-D,Retired,,,,,2,0,,,
222,6,Atlas-SLV3C Centaur-D,Retired,,,,,2,0,,,
222,7,Atlas-SLV3D Centaur-D1A,Retired,,,,,2,0,,,
222,8,Atlas-SLV3D Centaur-D1AR,Retired,,,,,2,0,,,
223,1,Rocket 3,Active,$2.5 million,133,204 kg,0 kg,2,0,11.60,,
224,1,Starship Prototype,Active,,6000,,,1,0,50.00,,
225,1,Ceres-1,Active,$4.9 million,588,350 kg,0 kg,4,0,19.00,1.28 m,2.6 m
225,2,Palas 1,Planned,,2746,"4,000 kg",0 kg,2,0,42.00,3.15 m,6.3 m
228,1,Atlas II,Retired,,2479,"6,580 kg","2,810 kg",2,0,47.50,,
228,2,Atlas IIA,Retired,,2479,"7,316 kg","3,180 kg",2,0,47.50,,
228,3,Atlas IIAS,Retired,,2957,"8,618 kg","3,933 kg",2,4,47.50,,
227,1,Zéphyr,Planned,,56,80 kg,,2,0,12.30,1.0 m,
229,1,Atlas I,Retired,,,,,2,0,43.90,,
230,1,Scout A,Retired,,,,,4,0,,,
230,2,Scout A1,Retired,,,122 kg,,4,0,,,
230,3,Scout B,Retired,,622,143 kg,0 kg,4,0,21.00,,
230,4,Scout B1,Retired,,622,129 kg,0 kg,4,0,21.00,,
230,5,Scout D1,Retired,,622,185 kg,0 kg,4,0,21.00,,
230,6,Scout E1,Retired,,,,,5,0,,,
230,7,Scout F1,Retired,,622,193 kg,0 kg,4,0,21.00,,
230,8,Scout G1,Retired,,622,210 kg,0 kg,4,0,21.00,,
230,9,Scout X-1,Retired,,,,,4,,25.00,,
230,10,Scout X-2,Retired,,440,76 kg,,4,,25.00,,
230,11,Scout X-2B,Retired,,,,,4,,22.00,,
230,12,Scout X-2M,Retired,,440,,,4,,22.00,,
230,13,Scout X-3,Retired,,,87 kg,,4,0,,,
230,14,Scout X-3M,Retired,,,,,4,,22.00,,
230,15,Scout X-4,Retired,,,103 kg,,4,,25.00,,
231,1,Qased,Active,,280,80 kg,0 kg,3,0,18.60,1.0 m,2.6 m
232,1,Atlas-E/F MSD,Retired,,,800 kg,,2,0,,,
232,2,Atlas-H MSD,Retired,,,,,2,0,,,
233,1,Atlas-E/F OIS,Retired,,,870 kg,,2,0,,,
234,1,Atlas-E/F PTS,Retired,,,295 kg,,2,0,,,
236,1,Atlas-E/F Star-17A,Retired,,,,,2,0,,,
236,2,Atlas-E/F Star-37S-ISS,Retired,,,,,2,0,,,
235,1,Atlas-E/F SGS-1,Retired,,,,,3,0,,,
235,2,Atlas-E/F SGS-2,Retired,,,,,3,0,,,
241,1,Thorad SLV-2G Agena-D,Retired,,1571,,,2,3,31.00,,
241,2,Thor-DM18 Agena-A,Retired,,,,,3,0,,,
241,3,Thor DM-21 Agena-B,Retired,,,,,3,0,,,
241,4,Thor DM-21 Agena-D,Retired,,,,,3,0,,,
241,5,Thor-SLV2A Agena-D,Retired,,1571,,,2,3,31.00,,
243,1,Thor DM-19 Delta,Retired,,,,,0,3,,,
242,1,Thor-DM21 Ablestar,Retired,,760,150 kg,,0,2,29.00,,
242,2,Thor-DSV2A Ablestar,Retired,,,,,2,0,,,
244,1,Delta A,Retired,,,320 kg,68 kg,3,0,,,
245,1,Delta B,Retired,,,375 kg,68 kg,3,0,,,
247,1,Ares 1-X,Retired,$450.0 million,12500,,,1,0,94.00,,
248,1,Delta C,Retired,,667,410 kg,82 kg,3,0,31.00,,
248,2,Delta C1,Retired,,,600 kg,,3,0,,,
251,1,Zoljanah,Active,,726,600 kg,,4,0,25.50,1.25 m,
252,1,Amur/Fregat-M,Planned,$22.0 million,4903,"12,500 kg","2,500 kg",3,0,55.00,5.1 m,5.8 m
253,1,SpaceShipTwo,Active,,,0 kg,0 kg,1,0,,,
254,1,Delta D,Retired,,1725,575 kg,104 kg,3,3,,,
255,1,Callisto,Planned,,,0 kg,0 kg,1,0,13.00,1.1 m,0.0 m
256,1,Thémis,Planned,,,0 kg,0 kg,1,0,26.00,0.0 m,0.0 m
258,1,RFA One,Planned,,,"1,100 kg",,2,0,,,
257,1,Spectrum,Planned,,675,"1,000 kg",,2,0,27.00,2.0 m,
259,1,RS1,Planned,$12.0 million,485,"1,350 kg",,2,0,,,
260,1,Commercial Titan III,Retired,$136.6 million,12454,"14,515 kg",,2,2,47.00,,
260,2,Titan 34D,Retired,,11279,"14,515 kg","5,000 kg",3,2,50.00,3.05 m,
260,3,Titan III(23)B,Retired,,2300,"3,300 kg",,3,0,45.00,1.5 m,
260,4,Titan III(23)C,Retired,,13642,"13,100 kg","3,000 kg",3,2,42.00,3.0 m,
260,5,Titan III(24)B,Retired,,2410,"4,000 kg",,3,0,50.00,3.05 m,
260,6,Titan-III(33)B Agena-D,Retired,,2300,,,3,,45.00,3.05 m,
260,7,Titan III(34)B Agena-D,Retired,,2300,,,3,,45.00,3.05 m,
260,8,Titan IIIA,Retired,$63.23 million,1936,"3,100 kg",,3,0,42.00,,
260,9,Titan IIIB,Retired,$59.0 million,2300,"3,300 kg",,3,0,45.00,1.52 m,
260,10,Titan IIIC,Retired,,13642,"13,100 kg","3,000 kg",3,2,42.00,3.0 m,
260,11,Titan IIID,Retired,,10587,"12,300 kg",,2,2,36.00,,
260,12,Titan IIIE,Retired,,12769,"15,400 kg",,3,2,48.80,,
261,1,Titan IV(401)A,Retired,,14200,,,3,2,63.00,5.1 m,
261,2,Titan IV(401)B,Retired,,15000,,,3,2,62.00,5.1 m,
261,3,Titan IV(402)A,Retired,,14200,,"4,944 kg",4,2,54.00,5.1 m,
261,4,Titan IV(402)B,Retired,,15000,,,4,2,54.00,5.1 m,
261,5,Titan IV(403)A,Retired,,14200,"17,700 kg",,2,2,54.00,5.1 m,
261,6,Titan IV(403)B,Retired,,15000,"21,680 kg",,2,2,54.00,5.1 m,
261,7,Titan IV(404)A,Retired,,14200,"17,700 kg",,2,2,54.00,5.1 m,
261,8,Titan IV(404)B,Retired,,15000,"21,680 kg",,2,2,54.00,5.1 m,
261,9,Titan IV(405)A,Retired,,14200,"17,700 kg",,2,2,54.00,5.1 m,
261,10,Titan IV(405)B,Retired,,15000,"21,680 kg",,2,2,54.00,5.1 m,
263,1,Delta 1410,Retired,,,,,2,4,,,
263,2,Delta 1604,Retired,,,,,3,6,,,
263,3,Delta 1900,Retired,,,"1,800 kg",,2,9,,,
263,4,Delta 1910,Retired,,,,,2,9,,,
263,5,Delta 1913,Retired,,,,,3,9,,,
263,6,Delta 1914,Retired,,,,680 kg,3,9,,,
262,1,Thor-LV2D Burner-1I,Retired,,1571,,,2,3,31.00,,
262,2,Thor-LV2D Burner-2,Retired,,,,,2,3,,,
262,3,Thor-LV2F Star-ISS,Retired,,,,,2,3,,,
264,1,Delta 2310,Retired,,,,,2,3,,,
264,2,Delta 2313,Retired,,,,,3,3,,,
264,3,Delta 2910,Retired,,,"1,887 kg",,2,9,,,
264,4,Delta 2913,Retired,,,,,3,9,,,
264,5,Delta 2914,Retired,,,,724 kg,3,9,,,
266,1,Delta M,Retired,,,,356 kg,3,3,,,
266,2,Delta M6,Retired,,,"1,293 kg",454 kg,3,6,,,
265,1,Delta 5920-8,Retired,,,"3,849 kg",,2,9,,,
267,1,Delta 300,Retired,,,,,2,3,,,
267,2,Delta 900,Retired,,,,,2,9,,,
268,1,Delta E,Retired,,,735 kg,150 kg,3,3,,,
268,2,Delta E1,Retired,,,,205 kg,3,3,,,
269,1,Delta G,Retired,,,,,2,3,,,
270,1,Delta J,Retired,,,800 kg,263 kg,3,3,,,
271,1,Delta N,Retired,,,900 kg,,2,3,,,
271,2,Delta N6,Retired,,,"1,600 kg",,2,6,,,
272,1,Delta L,Retired,,,998 kg,356 kg,3,3,,,
274,1,Cargo Starship,Planned,,,,,,,50.00,,
274,2,Crew Starship,Planned,,,,,,,50.00,,
274,3,Tanker Starship,Planned,,,,,,,50.00,,
275,1,Super Heavy,Planned,,,,,1,0,70.00,,
275,2,Super Heavy Prototype,Active,,,,,1,0,70.00,,
276,1,Terran R,Planned,,9341,"20,000 kg",,2,0,65.80,5.0 m,
277,1,Launcher Light,Planned,,98,150 kg,,3,0,15.20,,
279,1,Hapith I,Planned,,520,0 kg,0 kg,2,0,10.00,,
280,1,Hapith V,Planned,,650,390 kg,0 kg,3,0,20.00,2.2 m,
281,1,Zhongke-1A,Planned,,,"2,000 kg","1,500 kg",4,0,31.00,3.35 m,
